,RMSE_ITE,ABS_ATE,PEHE,TRAIN_TIME,PREDICT_TIME
IN_MEAN,0.31586031420286376,0.05631744128513096,0.06943168923822113,8.718729019165039e-05,0.00782188653945923
IN_STD,0.0008532507047845783,0.0018309425867615563,0.0014245666966596555,1.4761105488318493e-06,8.36978855034745e-05
OUT_MEAN,0.3166997586968269,0.05627011868467543,0.06939765907980254,8.718729019165039e-05,0.07760619640350341
OUT_STD,0.0003631004695971322,0.0018336054273903348,0.0014301178045885586,1.4761105488318493e-06,0.0008018039367730925
