,RMSE_ITE,ABS_ATE,PEHE,TRAIN_TIME,PREDICT_TIME
IN_MEAN,0.1946058065891291,0.043561655798053225,0.17513050072671382,0.003034496307373047,0.8944675922393799
IN_STD,0.0022411400481002395,0.004267919623870173,0.0016608179985938692,0.0003261036090831883,0.010903412146531215
OUT_MEAN,0.19436394704919963,0.043532154179044345,0.17581331559972738,0.003034496307373047,0.3030594825744629
OUT_STD,0.002122175131921043,0.004639870178339753,0.0008067456857820848,0.0003261036090831883,0.008790380595005459
