,RMSE_ITE,ABS_ATE,PEHE,TRAIN_TIME,PREDICT_TIME
IN_MEAN,0.31695160348575036,0.05449072583896358,0.06736899014299474,0.00015874862670898438,0.022745630741119384
IN_STD,0.0005110008373976237,0.0011838144429451882,0.0009447439895572676,1.6575369366081747e-06,4.695759265667351e-05
OUT_MEAN,0.31631713892382585,0.054452368805315905,0.06734047688593486,0.00015874862670898438,0.07555528163909912
OUT_STD,0.00036729462656603847,0.0011814817155111769,0.0009420748995615455,1.6575369366081747e-06,0.00011465894468068766
