,RMSE_ITE,ABS_ATE,PEHE,TRAIN_TIME,PREDICT_TIME
IN_MEAN,0.1993994209920527,0.05602344476347491,0.17867258969854286,0.0008847236633300782,0.4095468044281006
IN_STD,0.0015415773184522372,0.0038798037059261897,0.0013992940622711187,6.173275360012998e-05,0.0025268628167394555
OUT_MEAN,0.197867415122833,0.05626305046518472,0.17910622497363238,0.0008847236633300782,0.13623719215393065
OUT_STD,0.0028329481581535376,0.003727160105790799,0.0016564864275262418,6.173275360012998e-05,0.0004167403069898565
