,RMSE_ITE,ABS_ATE,PEHE,TRAIN_TIME,PREDICT_TIME
IN_MEAN,0.3160806105492109,0.05602251195511419,0.06833997647746273,0.00046863555908203123,0.07582763671875
IN_STD,0.0002615193495289853,0.0006082204704593637,0.0004936352546635772,1.0460522754950153e-05,0.0002980648108417814
OUT_MEAN,0.3160683645103122,0.05604675796622071,0.06836210458648007,0.00046863555908203123,0.07666352272033691
OUT_STD,0.00032747163985714613,0.0006150668698681959,0.0004990845070903879,1.0460522754950153e-05,0.0007692372147499361
