,RMSE_ITE,ABS_ATE,PEHE,TRAIN_TIME,PREDICT_TIME
IN_MEAN,0.18755406215607234,0.05377233525053708,0.053772335250537075,0.0019870281219482424,0.4269323706626892
IN_STD,0.0004404544817592573,0.0018261822413490507,0.0018261822413490499,8.942802181288854e-05,0.005711915793665056
OUT_MEAN,0.18849920983357746,0.053772335250537075,0.053772335250537075,0.0019870281219482424,0.14309972524642944
OUT_STD,0.0006522062671223566,0.0018261822413490507,0.0018261822413490499,8.942802181288854e-05,0.0028925103516570976
