,RMSE_ITE,ABS_ATE,PEHE,TRAIN_TIME,PREDICT_TIME
IN_MEAN,0.3164421100530813,0.05506215913795573,0.06749840744666236,0.0019023823738098145,0.23121561765670776
IN_STD,0.00016059943795079432,0.0003775301001546577,0.00030747476851344745,1.4847345199373716e-05,0.0003938800662036256
OUT_MEAN,0.31603892905122444,0.05507710174930217,0.06751043863198791,0.0019023823738098145,0.07686865091323852
OUT_STD,0.00031673390518956624,0.0003810088020851484,0.0003100334189768825,1.4847345199373716e-05,8.835335995144322e-05
