,RMSE_ITE,ABS_ATE,PEHE,TRAIN_TIME,PREDICT_TIME
IN_MEAN,0.20002024634146717,0.057798372321483237,0.1798148447584229,0.001150226593017578,0.4361562728881836
IN_STD,0.0022194234383694305,0.003628029322616512,0.0014710538086580801,0.00016268902949390551,0.0019478863382754732
OUT_MEAN,0.19792371409906573,0.05827718453049855,0.17793482073579817,0.001150226593017578,0.1455263614654541
OUT_STD,0.0019459596310502987,0.003440523801399912,0.0008753882212342313,0.00016268902949390551,0.0038849171235312042
