,RMSE_ITE,ABS_ATE,PEHE,TRAIN_TIME,PREDICT_TIME
IN_MEAN,0.18803425981395613,0.054489532488617064,0.054489532488617064,0.0018711924552917481,0.4028268337249756
IN_STD,0.00042819942165092114,0.001895340494955245,0.0018953404949552438,5.583933951856327e-05,0.0006541751650284629
OUT_MEAN,0.18792009447329233,0.054489532488617064,0.054489532488617064,0.0018711924552917481,0.13466806411743165
OUT_STD,0.000535667694798986,0.0018953404949552447,0.0018953404949552447,5.583933951856327e-05,0.0002685765059642626
