,RMSE_ITE,ABS_ATE,PEHE,TRAIN_TIME,PREDICT_TIME
IN_MEAN,0.19909783705620465,0.05570273028910018,0.17933522614133973,0.0009210109710693359,0.4177126884460449
IN_STD,0.0014363289761510605,0.002744953606838891,0.000743118713312326,6.620420739190895e-05,0.0024989283755883786
OUT_MEAN,0.1981981475293418,0.05636094737859461,0.1765704369832625,0.0009210109710693359,0.1428360939025879
OUT_STD,0.002308037146096406,0.003018038797459934,0.0017370702101684725,6.620420739190895e-05,0.004410193143453657
