,RMSE_ITE,ABS_ATE,PEHE,TRAIN_TIME,PREDICT_TIME
IN_MEAN,0.18772960250274648,0.054597202785954466,0.054597202785954466,0.001982283592224121,0.4138998627662659
IN_STD,0.0005901379237973562,0.0020979812675782964,0.002097981267578298,0.0001714052607144719,0.003609451363911753
OUT_MEAN,0.18897538962967156,0.054597202785954466,0.054597202785954466,0.001982283592224121,0.13997857570648192
OUT_STD,0.0007282632837351911,0.002097981267578297,0.0020979812675782977,0.0001714052607144719,0.002128111429379331
