,RMSE_ITE,ABS_ATE,PEHE,TRAIN_TIME,PREDICT_TIME
IN_MEAN,0.18779774770029856,0.054144952357765244,0.05414495235776525,0.0018689632415771484,0.41690381765365603
IN_STD,0.00048368305659740715,0.0018507448055546632,0.0018507448055546617,7.02357932413701e-05,0.000494738704859622
OUT_MEAN,0.18820308327828061,0.05414495235776525,0.05414495235776525,0.0018689632415771484,0.13919914960861207
OUT_STD,0.0006050443934109756,0.0018507448055546632,0.0018507448055546617,7.02357932413701e-05,0.00020216112652133675
