,RMSE_ITE,ABS_ATE,PEHE,TRAIN_TIME,PREDICT_TIME
IN_MEAN,0.31608525407080423,0.05605817473461006,0.06848757231241466,0.000230255126953125,0.03767440795898438
IN_STD,0.0003928746048380857,0.00091073521602307,0.0007332996078505316,1.6906459411024102e-06,4.757260211208921e-05
OUT_MEAN,0.31709008197977606,0.056011163979956494,0.06845700165341317,0.000230255126953125,0.07566044569015502
OUT_STD,0.0003267844044277629,0.0009204737168188977,0.0007391817045579694,1.6906459411024102e-06,0.00011768905564926051
