,RMSE_ITE,ABS_ATE,PEHE,TRAIN_TIME,PREDICT_TIME
IN_MEAN,0.1752830120248689,0.026641647279754925,0.17137976342459865,1.3873587608337403,0.12146611213684082
IN_STD,0.001127937423957643,0.0014653784884329688,0.0005156891825222873,0.07686232767849377,0.0022449552017672608
OUT_MEAN,0.17656787408477062,0.027045701775275544,0.17272925450298154,1.3873587608337403,0.06010274887084961
OUT_STD,0.0012241178753234624,0.0012867943663459314,0.0014193660950174486,0.07686232767849377,0.004592614629291073
