,RMSE_ITE,ABS_ATE,PEHE,TRAIN_TIME,PREDICT_TIME
IN_MEAN,0.17159506955604417,0.035298296140019225,0.035298298872401004,1.5410186886787414,0.25314944982528687
IN_STD,0.00033836407688877363,0.0014813575224915697,0.0014813574163595631,0.053492170175308516,0.014018683548871785
OUT_MEAN,0.1717216013579359,0.035298270657657685,0.03529827337779477,1.5410186886787414,0.12888712882995607
OUT_STD,0.0006324275963913675,0.001481355977718506,0.0014813558743054372,0.053492170175308516,0.006827215054231933
