,RMSE_ITE,ABS_ATE,PEHE,TRAIN_TIME,PREDICT_TIME
IN_MEAN,0.17004509017649747,0.03086600634708937,0.0308660076693023,1.19393892288208,0.10498056411743165
IN_STD,0.0007418451750366309,0.0023919470404007545,0.0023919465240172045,0.0271180796233128,0.0006206482602984348
OUT_MEAN,0.1705269483577751,0.030865976541253764,0.030865977864470946,1.19393892288208,0.05437679290771484
OUT_STD,0.0004984365896833903,0.002391955853358821,0.002391955337860488,0.0271180796233128,0.002169141338307893
