,RMSE_ITE,ABS_ATE,PEHE,TRAIN_TIME,PREDICT_TIME
IN_MEAN,0.17338808992180135,0.034676413633040956,0.034676413633040956,1.2371557712554933,0.10821022987365722
IN_STD,0.0006525018567156734,0.001322911926262712,0.0013229119262627115,0.026622206535421022,0.0013536029007701616
OUT_MEAN,0.17481637621581736,0.034676413633040956,0.03467641363304096,1.2371557712554933,0.05587692260742187
OUT_STD,0.0007503171403795539,0.0013229119262627121,0.001322911926262711,0.026622206535421022,0.002363151031516612
