,RMSE_ITE,ABS_ATE,PEHE,TRAIN_TIME,PREDICT_TIME
IN_MEAN,0.18844863403022857,0.042404103431110236,0.17428676805872972,1.529315185546875,0.17760682106018066
IN_STD,0.0015352042644928327,0.0033601085320216248,0.000895977399278932,0.12091608120887758,0.03257329752615384
OUT_MEAN,0.18784143550214297,0.042359781906382774,0.17688485517372038,1.529315185546875,0.06916403770446777
OUT_STD,0.0016818875087121342,0.003313693590412635,0.0015922313900761605,0.12091608120887758,0.006254903158273648
