,RMSE_ITE,ABS_ATE,PEHE,TRAIN_TIME,PREDICT_TIME
IN_MEAN,0.17492989697033204,0.038546372728187984,0.038546373366889965,1.5559152364730835,0.2833700180053711
IN_STD,0.0003866657602811835,0.0014004781175255933,0.0014004781292128545,0.04292555445586082,0.027722186139205983
OUT_MEAN,0.17629204856220693,0.03854637671451405,0.03854637735083681,1.5559152364730835,0.12989401817321777
OUT_STD,0.0005554122488750417,0.0014004774272518429,0.0014004774387766092,0.04292555445586082,0.008596008737545995
