,RMSE_ITE,ABS_ATE,PEHE,TRAIN_TIME,PREDICT_TIME
IN_MEAN,0.17773152673401632,0.04148466460706203,0.041484695813809494,1.8983232498168945,0.31155256032943723
IN_STD,0.0003844448754847622,0.0015747394987256625,0.001574738312558331,0.09095236747862065,0.019635034279101335
OUT_MEAN,0.1785047809502973,0.04148462600266814,0.04148465705152019,1.8983232498168945,0.1485298752784729
OUT_STD,0.0005041339673808852,0.0015747368590203269,0.0015747356847031844,0.09095236747862065,0.007715764014890102
