,RMSE_ITE,ABS_ATE,PEHE,TRAIN_TIME,PREDICT_TIME
IN_MEAN,0.1462826042775166,0.0032046010985103983,0.0032047976052313387,1.452941107749939,0.23318227529525756
IN_STD,0.00046197931932850776,0.0007285612474680307,0.0007285279107907451,0.051104993971096635,0.01149643553695859
OUT_MEAN,0.14844102544330645,0.0032045549538987127,0.0032047514793784497,1.452941107749939,0.12337775230407715
OUT_STD,0.0008792977866164406,0.0007285613520285983,0.0007285280671025903,0.051104993971096635,0.007141597338848002
