,RMSE_ITE,ABS_ATE,PEHE,TRAIN_TIME,PREDICT_TIME
IN_MEAN,0.16401205965109827,0.006600318771925037,0.17053081693775327,1.202066421508789,0.11558785438537597
IN_STD,0.0009226192321610886,0.0008563911841696396,0.0009244524478289783,0.04001705129929694,0.0016605048742026523
OUT_MEAN,0.1640846126506978,0.006020023472528265,0.17180722015947503,1.202066421508789,0.050269794464111325
OUT_STD,0.0016312074994444155,0.0009871323513374072,0.002120934602946117,0.04001705129929694,0.0009738892059955909
