,RMSE_ITE,ABS_ATE,PEHE,TRAIN_TIME,PREDICT_TIME
IN_MEAN,0.16432271705605067,0.027110455616952984,0.027110459064857963,1.5691187739372254,0.2665611743927002
IN_STD,0.00036365149074673924,0.0011506392944605095,0.001150638673753252,0.05203693176622035,0.015608567719735683
OUT_MEAN,0.16478914260768945,0.027110479112653955,0.027110482571146444,1.5691187739372254,0.14666478633880614
OUT_STD,0.00044140108895511043,0.0011506418890109514,0.0011506412660547223,0.05203693176622035,0.013566800535213983
