,RMSE_ITE,ABS_ATE,PEHE,TRAIN_TIME,PREDICT_TIME
IN_MEAN,0.1467681098693309,0.004051851866788271,0.0040525773932155295,1.1870590209960938,0.10769066810607911
IN_STD,0.0009837022991701643,0.002332180350350581,0.0023318975201182188,0.0168253078308867,0.0019736638207783963
OUT_MEAN,0.14418121261977446,0.0040519237314499855,0.004052648152990708,1.1870590209960938,0.053537416458129886
OUT_STD,0.001249095728589959,0.0023321536633115437,0.002331871286636999,0.0168253078308867,0.002111051130646784
