,RMSE_ITE,ABS_ATE,PEHE,TRAIN_TIME,PREDICT_TIME
IN_MEAN,0.1893449196464747,0.043453869715081014,0.17573357279144666,1.7875571727752686,0.22772526741027832
IN_STD,0.0018804235541725204,0.003554837088244589,0.001143917725730638,0.1165198765779964,0.05770926873820993
OUT_MEAN,0.18801004410374372,0.04393269083784369,0.17375909894917285,1.7875571727752686,0.06220026016235351
OUT_STD,0.001904656281065694,0.0033527473943556724,0.0008811624246287689,0.1165198765779964,0.005109271483134829
