,RMSE_ITE,ABS_ATE,PEHE,TRAIN_TIME,PREDICT_TIME
IN_MEAN,0.17689485738895566,0.04120218491115361,0.04120218739854222,1.6391740560531616,0.28317668437957766
IN_STD,0.0004512188007374532,0.0016885114567541002,0.0016885120975838228,0.05610121880902137,0.02295283354080576
OUT_MEAN,0.17884942818748256,0.04120222187463352,0.04120222434742339,1.6391740560531616,0.12631645202636718
OUT_STD,0.0006433872283584805,0.0016885392247708705,0.0016885398491322443,0.05610121880902137,0.004987208620655006
