,RMSE_ITE,ABS_ATE,PEHE,TRAIN_TIME,PREDICT_TIME
IN_MEAN,0.3161863697063978,0.054997173816103924,0.06749963768288737,0.0014943456649780273,0.000424954891204834
IN_STD,0.00026254923437726873,0.0006006472620928248,0.0004875400782718077,2.4149397507122364e-05,9.084395352027803e-06
OUT_MEAN,0.31548248491020453,0.055020874097056895,0.06751415948043299,0.0014943456649780273,0.00017644882202148438
OUT_STD,0.0010006278907952625,0.000617793833403211,0.000502683483348051,2.4149397507122364e-05,2.0684431147459504e-06
