,RMSE_ITE,ABS_ATE,PEHE,TRAIN_TIME,PREDICT_TIME
IN_MEAN,4.478235735996844,0.7463799989764291,5.600176017623677,0.0016095089912414552,0.0006817221641540527
IN_STD,0.588809779540378,0.13977709711711486,0.8246193736200343,0.000341607538231447,6.228154394267562e-05
OUT_MEAN,4.447656879341804,0.7838856610343451,5.729996349950333,0.0016095089912414552,0.00022949695587158204
OUT_STD,0.5789337731992183,0.11293844955760117,0.8856450980212347,0.000341607538231447,6.945162578798272e-06
