,RMSE_ITE,ABS_ATE,PEHE,TRAIN_TIME,PREDICT_TIME
IN_MEAN,0.18269856091187214,0.034976113201275076,0.17319216905453366,1.1864017963409423,0.1111152172088623
IN_STD,0.001167603261756228,0.003233719643640192,0.0007926429891223778,0.010119239860672959,0.00382426087983601
OUT_MEAN,0.18188443770743615,0.03521573706370629,0.17359869365388128,1.1864017963409423,0.05496478080749512
OUT_STD,0.0020637144810701064,0.00300977294692151,0.0014826188427554982,0.010119239860672959,0.002655784024410064
