,RMSE_ITE,ABS_ATE,PEHE,TRAIN_TIME,PREDICT_TIME
IN_MEAN,0.31623912168349044,0.05455024990414346,0.06707745052328598,0.0032464194297790526,0.0015132427215576172
IN_STD,0.00015519992727662207,0.0003548951972195701,0.00028873907955604577,4.6495465060214705e-05,2.3409018447786778e-05
OUT_MEAN,0.31548353165139514,0.05450204374058222,0.06703232812016556,0.0032464194297790526,0.00017824172973632813
OUT_STD,0.0009713026962936229,0.0003830999757318546,0.00031158703853643966,4.6495465060214705e-05,2.490177785655324e-06
