,ABS_ATE,TRAIN_TIME,PREDICT_TIME
IN_MEAN,0.03765867106599391,0.012846946716308594,0.0008261203765869141
IN_STD,,,
OUT_MEAN,0.04135483783005342,0.012846946716308594,0.0003349781036376953
OUT_STD,,,
