,RMSE_ITE,ABS_ATE,PEHE,TRAIN_TIME,PREDICT_TIME
IN_MEAN,0.1596385998122118,0.002612922802730659,0.17040490209013112,1.3631106853485107,0.12912731170654296
IN_STD,0.0006902368725740023,0.0005078671022278232,0.0003273984700487992,0.045047182910090085,0.010021841513319227
OUT_MEAN,0.15741467963547162,0.0032709919470710466,0.16728759459340142,1.3631106853485107,0.06125955581665039
OUT_STD,0.00140163519275895,0.0007827692818955879,0.0010256564895079387,0.045047182910090085,0.0057115614316651025
