,RMSE_ITE,ABS_ATE,PEHE,TRAIN_TIME,PREDICT_TIME
IN_MEAN,0.1863274817809449,0.039848155235077364,0.17480290964260958,1.4835854053497315,0.20249509811401367
IN_STD,0.0015351381879254021,0.00224530176878515,0.0009468969202631432,0.049675745594220375,0.05890085443920053
OUT_MEAN,0.18592216653516297,0.03954952523600404,0.17258893428844793,1.4835854053497315,0.06472840309143066
OUT_STD,0.0017316260021734092,0.002319807139356055,0.0017049849054890777,0.049675745594220375,0.007551617474356823
