,RMSE_ITE,ABS_ATE,PEHE,TRAIN_TIME,PREDICT_TIME
IN_MEAN,0.31591165295576873,0.05545008027289881,0.06805258155152501,0.0008771014213562012,0.00025304555892944334
IN_STD,0.00045528027581590285,0.0010265434333862741,0.0008229807044863441,1.38841358590256e-05,8.115910249667575e-06
OUT_MEAN,0.3156684781234492,0.055558602611999366,0.06813786525177717,0.0008771014213562012,0.00017631292343139648
OUT_STD,0.0009205561951281711,0.0010324483257572897,0.0008277407542655963,1.38841358590256e-05,3.1662829008720207e-06
