,RMSE_ITE,ABS_ATE,PEHE,TRAIN_TIME,PREDICT_TIME
IN_MEAN,0.31600677552827366,0.05468386207220373,0.06823028527291877,0.0004635000228881836,0.00011035203933715821
IN_STD,0.0007929952553005906,0.0019070690482381534,0.0014666100610816121,1.1123481858059408e-05,2.2819001243067015e-06
OUT_MEAN,0.315186592677841,0.05487700046071785,0.06840490247622458,0.0004635000228881836,0.0001845216751098633
OUT_STD,0.0010777342097006983,0.0019257963901408986,0.001481053890093852,1.1123481858059408e-05,3.09924667475052e-06
