,RMSE_ITE,ABS_ATE,PEHE,TRAIN_TIME,PREDICT_TIME
IN_MEAN,0.175861072609858,0.03712530342526667,0.03712530372615814,1.1904542922973633,0.10771989822387695
IN_STD,0.0007269851837451932,0.0017145728081493013,0.001714572988842592,0.015975598216747565,0.0010785067252158493
OUT_MEAN,0.17752062075174008,0.03712526953744659,0.03712526983799564,1.1904542922973633,0.05747661590576172
OUT_STD,0.00027025090195504384,0.0017145405997410041,0.0017145407814207663,0.015975598216747565,0.003731307429654221
