,RMSE_ITE,ABS_ATE,PEHE,TRAIN_TIME,PREDICT_TIME
IN_MEAN,0.17675306316072514,0.03941506151390569,0.039415063495859534,1.1973217487335206,0.11026358604431152
IN_STD,0.0011215698439863936,0.0025282706728839534,0.002528270400681119,0.01569332172988653,0.004384087997990435
OUT_MEAN,0.17484768464655392,0.03941508084839232,0.03941508280820765,1.1973217487335206,0.05551581382751465
OUT_STD,0.0016237787259289738,0.0025282691223105854,0.0025282688531671677,0.01569332172988653,0.0026293073234818494
