,RMSE_ITE,ABS_ATE,PEHE,TRAIN_TIME,PREDICT_TIME
IN_MEAN,0.3170150921577,0.052714776932115744,0.06591194679639735,0.0006630206108093261,0.00016792058944702147
IN_STD,0.000504663826660911,0.0011219144229300307,0.0008881388745940912,1.1294823724307687e-05,4.917307414664016e-06
OUT_MEAN,0.31538886442103725,0.052567169919162736,0.0658080472286807,0.0006630206108093261,0.00017509937286376952
OUT_STD,0.0011129600583829765,0.0011456409412902162,0.0009043393704690292,1.1294823724307687e-05,1.1841876969180785e-06
