,RMSE_ITE,ABS_ATE,PEHE,TRAIN_TIME,PREDICT_TIME
IN_MEAN,0.31648405217583003,0.05467627037472344,0.07093057142661699,0.0007291841506958008,0.008047289848327636
IN_STD,0.0007932297111097834,0.001908253625299281,0.0014944659723448955,1.302994586123727e-05,6.875706710961381e-05
OUT_MEAN,0.31542229960193086,0.05479478884800257,0.07106845663358884,0.0007291841506958008,0.008120491504669189
OUT_STD,0.001075465505860508,0.0019333696152501769,0.0015079630417074896,1.302994586123727e-05,6.123660947326187e-05
