,RMSE_ITE,ABS_ATE,PEHE,TRAIN_TIME,PREDICT_TIME
IN_MEAN,0.1977672749147615,0.03528806170210798,0.1849392952698936,1.1315180778503418,0.5323267459869385
IN_STD,0.003504746150998708,0.002317569644769249,0.002919838308164875,0.014955468357217346,0.00671644520826879
OUT_MEAN,0.19744474281700092,0.03500078476092751,0.18824962037368106,1.1315180778503418,0.18574137687683107
OUT_STD,0.0037300511422790573,0.00256386772946614,0.003683721748165208,0.014955468357217346,0.002978435770652566
