,RMSE_ITE,ABS_ATE,PEHE,TRAIN_TIME,PREDICT_TIME
IN_MEAN,0.18775182734249438,0.029479254567340456,0.17788723435532758,1.4168107509613037,0.6581573486328125
IN_STD,0.002037993535233079,0.0010787806083605322,0.0010531915018465096,0.037225408874364804,0.022720911208089684
OUT_MEAN,0.18773050818151935,0.030611067371424307,0.1780915720901321,1.4168107509613037,0.2510681629180908
OUT_STD,0.0018222600632654359,0.0007050757951766112,0.0012858017428260178,0.037225408874364804,0.01829555889597761
