,RMSE_ITE,ABS_ATE,PEHE,TRAIN_TIME,PREDICT_TIME
IN_MEAN,0.1868839594517727,0.0333614413879163,0.07579341732228649,1.508835995197296,0.7849808812141419
IN_STD,0.0012480624172382631,0.0008125130834433173,0.003245352720127598,0.0667796079378373,0.03413781152075072
OUT_MEAN,0.18800205250503088,0.033408500711541694,0.07584983154311352,1.508835995197296,0.2807784557342529
OUT_STD,0.0012726240929711095,0.0008326578301308825,0.003218108816526827,0.0667796079378373,0.011610287422349583
