,RMSE_ITE,ABS_ATE,PEHE,TRAIN_TIME,PREDICT_TIME
IN_MEAN,0.18685715955222892,0.033395838812060076,0.07390949487591267,1.2015287280082703,0.6601104974746704
IN_STD,0.001064874817888023,0.0008599548778283702,0.002834853505013549,0.020236674145252823,0.009570752648462392
OUT_MEAN,0.1866924734657074,0.03347323142157661,0.07393563595656191,1.2015287280082703,0.24623379707336426
OUT_STD,0.0009542630979861919,0.0008807865032927733,0.00283976052256141,0.020236674145252823,0.0025363084065811153
