,RMSE_ITE,ABS_ATE,PEHE,TRAIN_TIME,PREDICT_TIME
IN_MEAN,0.3159932396217689,0.05540007900002093,0.06852480652703392,0.0011600446701049805,0.03896270513534546
IN_STD,0.00045704576507496085,0.0010275842762717854,0.0008117209923507394,2.5467078072525684e-05,4.1186354075505056e-05
OUT_MEAN,0.315725673182898,0.055530775045386296,0.0686431267128354,0.0011600446701049805,0.00800105333328247
OUT_STD,0.0009234259791789483,0.0010350509356655303,0.0008188149604326066,2.5467078072525684e-05,2.6865989149598405e-05
