,RMSE_ITE,ABS_ATE,PEHE,TRAIN_TIME,PREDICT_TIME
IN_MEAN,0.31623544035251006,0.0544523211602431,0.06699053783277965,0.004835445880889893,0.24905699729919434
IN_STD,0.00015539232080469676,0.00035516764659332867,0.00028797127359345294,0.00013680968811401664,0.00483297827896616
OUT_MEAN,0.31546594799781874,0.05436697010168678,0.06690449995028368,0.004835445880889893,0.008590810298919678
OUT_STD,0.0009711526388671867,0.00038571742282103637,0.00031543526659470885,0.00013680968811401664,0.0002972643838111791
