,RMSE_ITE,ABS_ATE,PEHE,TRAIN_TIME,PREDICT_TIME
IN_MEAN,0.1742534231892095,0.02014959181266852,0.06789527114660948,1.5601962804794312,0.8762930750846862
IN_STD,0.0006751593189723102,0.000612765700032893,0.002023192645246831,0.05268382684247864,0.04685210311411107
OUT_MEAN,0.17412787173871502,0.019992926247619284,0.0679252864693649,1.5601962804794312,0.31859670877456664
OUT_STD,0.0007137998583025374,0.000639019442552068,0.002070765270438091,0.05268382684247864,0.024357547256885347
