,RMSE_ITE,ABS_ATE,PEHE,TRAIN_TIME,PREDICT_TIME
IN_MEAN,0.15248150320538736,0.0019157699087872244,0.043493749560437014,1.671974539756775,0.8717180371284485
IN_STD,0.0007215050051676687,0.00044110683561903276,0.002938900835428402,0.07216882020262007,0.04183042340861188
OUT_MEAN,0.15379750190762684,0.0019225384910994698,0.043244676446949716,1.671974539756775,0.3084016919136047
OUT_STD,0.0009979487335807227,0.00047990742472616994,0.002895061637593367,0.07216882020262007,0.014672238369543102
