,RMSE_ITE,ABS_ATE,PEHE,TRAIN_TIME,PREDICT_TIME
IN_MEAN,0.19648638809491126,0.03131935925724127,0.18640118743541972,1.2390294551849366,0.5713830471038819
IN_STD,0.0032270390121270677,0.001659253038816366,0.002591637382251743,0.09517569486856,0.008896077020496565
OUT_MEAN,0.19603907211095828,0.031139863303090043,0.18559749613083124,1.2390294551849366,0.19311304092407228
OUT_STD,0.0029299440903768053,0.0020358789095919604,0.002370855460531196,0.09517569486856,0.0013590333754629439
