,RMSE_ITE,ABS_ATE,PEHE,TRAIN_TIME,PREDICT_TIME
IN_MEAN,0.18589863754675306,0.031204023091168966,0.07733729032847173,1.856554925441742,1.1742199778556823
IN_STD,0.0009548726919960731,0.0008620632041547262,0.002551673912848045,0.09004274868413262,0.10199497245213919
OUT_MEAN,0.18663061080335858,0.03132721215000301,0.07756232332458941,1.856554925441742,0.36256874799728395
OUT_STD,0.0009171705710453431,0.0008401906533136934,0.002433231337171812,0.09004274868413262,0.019084510248438442
