,RMSE_ITE,ABS_ATE,PEHE,TRAIN_TIME,PREDICT_TIME
IN_MEAN,0.1841755447315345,0.020203368558637573,0.18120996754436292,1.7317721843719482,0.8566765785217285
IN_STD,0.00232201262369342,0.0015005554013545542,0.0014495424614758968,0.13101865999469806,0.141726286109414
OUT_MEAN,0.18511921944301232,0.020620739443667924,0.18296350412599047,1.7317721843719482,0.23854918479919435
OUT_STD,0.002441660828119424,0.0010113065069989027,0.0020057967658089573,0.13101865999469806,0.026668641451712948
