,RMSE_ITE,ABS_ATE,PEHE,TRAIN_TIME,PREDICT_TIME
IN_MEAN,0.3171534811506849,0.05264012090323596,0.06673604767011983,0.0008975911140441894,0.024738857746124266
IN_STD,0.000509646399967021,0.0011257476227393242,0.0008753643353756188,1.2563093580349536e-05,4.931652949130405e-05
OUT_MEAN,0.31544825054475634,0.05254642624991715,0.06663316967698565,0.0008975911140441894,0.008455767631530761
OUT_STD,0.0011096291144080301,0.001141700529949542,0.0008849678798358834,1.2563093580349536e-05,2.250175617091854e-05
