,RMSE_ITE,ABS_ATE,PEHE,TRAIN_TIME,PREDICT_TIME
IN_MEAN,0.1825162412647632,0.026780444726290143,0.07568511003336352,1.671362543106079,0.8589051485061645
IN_STD,0.0007968989609985285,0.0007890085681732775,0.002195461548519921,0.07011587054092717,0.039818630255341055
OUT_MEAN,0.18216601957275816,0.026643093820090735,0.07569954111481969,1.671362543106079,0.32251204252243043
OUT_STD,0.0008425483344367069,0.0007672919788304954,0.00223940526080806,0.07011587054092717,0.021019269530879858
