,RMSE_ITE,ABS_ATE,PEHE,TRAIN_TIME,PREDICT_TIME
IN_MEAN,0.19302239980251173,0.026340458650119053,0.18502639119726966,1.1435029983520508,0.5376185894012451
IN_STD,0.0022576194463558726,0.0011222226050045284,0.0017134182503375673,0.013906349895225005,0.008316095432714377
OUT_MEAN,0.19183429228372756,0.026640090323892168,0.18610305924443976,1.1435029983520508,0.18808798789978026
OUT_STD,0.002989373447225062,0.0009342157052941391,0.0021661648675484553,0.013906349895225005,0.003793152100970449
