,RMSE_ITE,ABS_ATE,PEHE,TRAIN_TIME,PREDICT_TIME
IN_MEAN,0.1636647719019313,0.0021803901637617723,0.17406447881069914,1.7797700405120849,0.8739903450012207
IN_STD,0.001682051574625581,0.0009120050772390328,0.0007382453540175538,0.1474245705358106,0.11596270574749248
OUT_MEAN,0.16156167077013747,0.0019116390764302691,0.1717461647912803,1.7797700405120849,0.22885427474975586
OUT_STD,0.0022874174014715152,0.0006456840142630343,0.0017866786219651824,0.1474245705358106,0.01074841944720234
