,RMSE_ITE,ABS_ATE,PEHE,TRAIN_TIME,PREDICT_TIME
IN_MEAN,0.31620939279034244,0.054923167301720574,0.06759836678013421,0.0019393038749694824,0.08427820205688477
IN_STD,0.00026422671467869215,0.0006014106476478577,0.000478656909686543,2.3299889634944354e-05,0.00015037816009715095
OUT_MEAN,0.31546926481912485,0.054949038872974934,0.06763398438594188,0.0019393038749694824,0.008726794719696045
OUT_STD,0.0010036501287554807,0.0006165373623556055,0.0004925120431359274,2.3299889634944354e-05,2.9032859126826262e-05
