,RMSE_ITE,ABS_ATE,PEHE,TRAIN_TIME,PREDICT_TIME
IN_MEAN,4.865499740888523,1.0962229074051866,3.3956258398516495,5.308470010757446,115.94204640388489
IN_STD,,,,,
OUT_MEAN,4.2971109459835155,0.8134391935065852,3.569275868955137,5.308470010757446,13.25761604309082
OUT_STD,,,,,
