,RMSE_ITE,ABS_ATE,PEHE,TRAIN_TIME,PREDICT_TIME
IN_MEAN,0.437979819429152,0.012992882084129066,0.04728722731814794,2.79817533493042,0.9041295349597931
IN_STD,0.00018441346334829007,0.001009872504942029,0.0008378951895266502,0.013666593105790097,0.010528000118361632
OUT_MEAN,0.43772961536398936,0.013107179985374567,0.04719215716468287,2.79817533493042,0.23624572157859802
OUT_STD,0.00040643020152201066,0.0010609156201584074,0.0009051777717202232,0.013666593105790097,0.002510484210040332
