,RMSE_ITE,ABS_ATE,PEHE,TRAIN_TIME,PREDICT_TIME
IN_MEAN,2.373743953663398,0.6659078225507151,3.594392035012065,0.16069945573806763,0.00976557731628418
IN_STD,0.2724098787432658,0.103086776973208,0.5398916253861066,0.0009610722334556969,0.00011702664942377372
OUT_MEAN,2.3257910823096073,0.6995338895786785,3.961668795559386,0.16069945573806763,0.006568689346313477
OUT_STD,0.2650545136101,0.11371943164357076,0.6373930727109989,0.0009610722334556969,8.198807131428617e-05
