,RMSE_ITE,ABS_ATE,PEHE,TRAIN_TIME,PREDICT_TIME
IN_MEAN,0.437979819429152,0.012992882084129066,0.04728722731814794,2.762876182794571,0.904683381319046
IN_STD,0.00018441346334829007,0.001009872504942029,0.0008378951895266502,0.012011293004373846,0.009942929362531727
OUT_MEAN,0.43772961536398936,0.013107179985374567,0.04719215716468287,2.762876182794571,0.23826640844345093
OUT_STD,0.00040643020152201066,0.0010609156201584074,0.0009051777717202232,0.012011293004373846,0.0030972854455392444
