,RMSE_ITE,ABS_ATE,PEHE,TRAIN_TIME,PREDICT_TIME
IN_MEAN,1.128958247165378,0.13342678047161138,0.6506003119766873,0.127547025680542,0.04201698303222656
IN_STD,,,,,
OUT_MEAN,0.9623953588877446,0.03459494177717781,0.6277786674093038,0.127547025680542,0.018437862396240234
OUT_STD,,,,,
