,RMSE_ITE,ABS_ATE,PEHE,TRAIN_TIME,PREDICT_TIME
IN_MEAN,2.373730097093167,0.761782068501409,3.5944786520796543,0.2215617275238037,0.022500805854797364
IN_STD,0.27240960796679364,0.11975065451094329,0.5398964566646687,0.00577969628468963,0.0012881332722771434
OUT_MEAN,2.325719003515593,0.8008682936873919,3.960969709295648,0.2215617275238037,0.01540130615234375
OUT_STD,0.26506412758891257,0.12150037445403802,0.6373322236101646,0.00577969628468963,0.001296596419297361
