,RMSE_ITE,ABS_ATE,PEHE,TRAIN_TIME,PREDICT_TIME
IN_MEAN,0.1742892770696685,0.03080094510436559,0.038959767797633715,31.722725582122802,0.8229225993156433
IN_STD,0.0005031274463128425,0.0013457446461150894,0.00125255081214339,0.7571128505821586,0.035610268555110854
OUT_MEAN,0.1740228087954741,0.03082300647085528,0.03898629374821168,31.722725582122802,0.29007649421691895
OUT_STD,0.0007640207613912287,0.001354901701838575,0.001254876835192736,0.7571128505821586,0.012777609530920572
