,RMSE_ITE,ABS_ATE,PEHE,TRAIN_TIME,PREDICT_TIME
IN_MEAN,2.2281445996691223,0.44311939564143116,2.801481035877346,0.0824314022064209,0.0013441324234008789
IN_STD,0.19817171589134167,0.03855721775932923,0.3630657215549065,0.0013614532056856112,3.510679511759212e-05
OUT_MEAN,2.181658450590989,0.48139650884780444,2.9769962423628082,0.0824314022064209,0.000318143367767334
OUT_STD,0.18069592501604473,0.05720630043124614,0.42351228718143935,0.0013614532056856112,5.409699728621385e-06
