,RMSE_ITE,ABS_ATE,PEHE,TRAIN_TIME,PREDICT_TIME
IN_MEAN,0.4555922950537403,0.7132901846884728,0.7193560360922768,0.015600228309631347,0.00013665199279785155
IN_STD,0.0014551799238280683,0.0006448565823521486,0.0003078146304006382,0.0008212636165687395,1.7664626871409097e-06
OUT_MEAN,0.4567560667205455,0.7142822619863987,0.7203598718846232,0.015600228309631347,0.0006690430641174317
OUT_STD,0.000494546413185439,0.00047427830025042534,0.00018001546573703098,0.0008212636165687395,1.4134224000137221e-05
