,RMSE_ITE,ABS_ATE,PEHE,TRAIN_TIME,PREDICT_TIME
IN_MEAN,0.16030622459196917,0.0029530588764073995,0.16987311370820438,24.420943784713746,0.5059012413024903
IN_STD,0.0018603818704264982,0.0012119682723745276,0.0005729874108742711,1.169986710097434,0.05454831398445194
OUT_MEAN,0.1616394431099665,0.0030331739672357057,0.16911652835598737,24.420943784713746,0.13217201232910156
OUT_STD,0.0014888771125500095,0.0010988165350002443,0.0016175078356229524,1.169986710097434,0.0036885862818430296
