,RMSE_ITE,ABS_ATE,PEHE,TRAIN_TIME,PREDICT_TIME
IN_MEAN,0.17659344174133046,0.0183030743398371,0.17175478362445545,23.375592088699342,0.40642147064208983
IN_STD,0.0009579067080176034,0.0016227558214261637,0.0006638355906226964,0.6643541279316493,0.009836676000502559
OUT_MEAN,0.1754082331674636,0.01759106173662036,0.1722609212371701,23.375592088699342,0.14174909591674806
OUT_STD,0.0017605535400486252,0.001286796254142621,0.0009539107058430516,0.6643541279316493,0.019424001288692518
