,RMSE_ITE,ABS_ATE,PEHE,TRAIN_TIME,PREDICT_TIME
IN_MEAN,0.18334179172826975,0.026480489191751312,0.17315648046170856,22.310811376571657,0.42513298988342285
IN_STD,0.0015451614112484784,0.001983826487203137,0.0007260908955355541,0.7709391344617406,0.043654926367023374
OUT_MEAN,0.1822490147843172,0.026296680031013105,0.17380109537805097,22.310811376571657,0.12839784622192382
OUT_STD,0.0015082747569314819,0.00192823033958029,0.0010831187297500162,0.7709391344617406,0.008101560547794187
