,RMSE_ITE,ABS_ATE,PEHE,TRAIN_TIME,PREDICT_TIME
IN_MEAN,0.45530399315174114,0.7127480949039794,0.7189888267550099,0.027437310218811035,0.0002939605712890625
IN_STD,0.0007015692549455042,0.00025183999955054825,0.00013506770373302576,0.0008393084536476827,5.410331240757495e-06
OUT_MEAN,0.4567451726037081,0.7129563387357236,0.7192235285795122,0.027437310218811035,0.0006953859329223632
OUT_STD,0.00045697012236471017,0.00018384050206234935,9.226594131075421e-05,0.0008393084536476827,1.5232817196618672e-05
