,RMSE_ITE,ABS_ATE,PEHE,TRAIN_TIME,PREDICT_TIME
IN_MEAN,0.45662762470147855,0.7129903380429454,0.7190272459125788,0.021772994995117187,0.00021161317825317384
IN_STD,0.000936940223098623,0.00035100265082017076,0.00017987797295978324,0.0008326001484182591,3.615892459327419e-06
OUT_MEAN,0.45587541369989915,0.7131174645046725,0.719163364779901,0.021772994995117187,0.0006662797927856445
OUT_STD,0.0005068033189348129,0.00022706714615196815,0.00010750498163528173,0.0008326001484182591,1.3039043169664443e-05
