,RMSE_ITE,ABS_ATE,PEHE,TRAIN_TIME,PREDICT_TIME
IN_MEAN,0.14954646541858743,0.004151513941912055,0.006567387385345662,33.29175525903702,0.9481322526931762
IN_STD,0.0004550918174413193,0.0007048707140290154,0.0007211613867731001,0.7825636015571303,0.07163734271127814
OUT_MEAN,0.15136578315564786,0.004152862560598212,0.0065672885264852,33.29175525903702,0.29015488624572755
OUT_STD,0.0008620712786057331,0.0007014844375157633,0.000718928572928596,0.7825636015571303,0.009257661831520268
