,RMSE_ITE,ABS_ATE,PEHE,TRAIN_TIME,PREDICT_TIME
IN_MEAN,0.18570563497433995,0.02928912538398316,0.17311513000586248,24.311418342590333,0.42736401557922366
IN_STD,0.0013764618902519293,0.0019723841075390425,0.0007276754854399059,0.9855978614029082,0.01622464207827051
OUT_MEAN,0.1866100062544795,0.02851780811517135,0.17329899740252608,24.311418342590333,0.13247895240783691
OUT_STD,0.002623177446419365,0.0022645771894998835,0.0019344549487740983,0.9855978614029082,0.005418110643197642
