,RMSE_ITE,ABS_ATE,PEHE,TRAIN_TIME,PREDICT_TIME
IN_MEAN,0.1798873998438552,0.03672068586374032,0.042168583393686336,22.954200291633605,0.5910881400108338
IN_STD,0.0004194470808949662,0.0014604547403946151,0.001346436946060301,0.21865456810271294,0.0048574541880419585
OUT_MEAN,0.18020320738613244,0.03677504196247823,0.042235380546736936,22.954200291633605,0.17936278581619264
OUT_STD,0.0005273995360482655,0.0014536689549224523,0.001335110337708298,0.21865456810271294,0.0020680293690820838
