,RMSE_ITE,ABS_ATE,PEHE,TRAIN_TIME,PREDICT_TIME
IN_MEAN,0.45589603050821537,0.713208445737353,0.719098965831836,0.16621782302856444,0.0040996503829956055
IN_STD,0.00029914425601245526,0.00010922949763500145,5.5147643944822526e-05,0.005660663639889424,0.0002079420792272421
OUT_MEAN,0.4552899656051336,0.7132511066938224,0.7191265395466666,0.16621782302856444,0.001461670398712158
OUT_STD,0.00048081765390387736,0.00010408725610754933,8.890232657369052e-05,0.005660663639889424,0.00011832876331849342
