,RMSE_ITE,ABS_ATE,PEHE,TRAIN_TIME,PREDICT_TIME
IN_MEAN,0.4551679701664251,0.7128984286172859,0.719015359926138,0.045197253227233884,0.0007292199134826661
IN_STD,0.0004763234359863165,0.00020557432879557297,9.662739624316651e-05,0.0008367842719699097,1.2674767707707138e-05
OUT_MEAN,0.45512128954746134,0.7129620008893496,0.719081392179665,0.045197253227233884,0.0006699538230895996
OUT_STD,0.0004939137438861781,0.00016275159270347114,8.789741885544131e-05,0.0008367842719699097,1.1250997141765087e-05
