,RMSE_ITE,ABS_ATE,PEHE,TRAIN_TIME,PREDICT_TIME
IN_MEAN,0.1667628469911101,0.02276825578114062,0.0305377941285724,31.689186894893645,0.8155667304992675
IN_STD,0.000529516601587717,0.0011858880771410847,0.001205762369831856,0.5252081148487254,0.03235796564187799
OUT_MEAN,0.16668343291188628,0.022694418115853494,0.03043959358287162,31.689186894893645,0.26515825986862185
OUT_STD,0.0005900966891543565,0.0011929053664925307,0.0011895054141638423,0.5252081148487254,0.010120860553100441
