,RMSE_ITE,ABS_ATE,PEHE,TRAIN_TIME,PREDICT_TIME
IN_MEAN,2.227808462122032,0.4431999668274998,2.8011906874331993,0.06687296390533447,0.0005192089080810546
IN_STD,0.19816338607762943,0.038507008896445455,0.3630439684079952,0.0015930335247516531,1.4168022639121498e-05
OUT_MEAN,2.1782323472872966,0.4810421852966978,2.9746117738522937,0.06687296390533447,0.0002230978012084961
OUT_STD,0.18086286575447347,0.05731610175857701,0.4236219391199132,0.0015930335247516531,5.2016998376365095e-06
