,RMSE_ITE,ABS_ATE,PEHE,TRAIN_TIME,PREDICT_TIME
IN_MEAN,0.18999310658229526,0.039903234744409856,0.17480070373759488,178.92630171775818,0.5451206207275391
IN_STD,0.0014190060117354412,0.001717967735501826,0.0008492757338710847,5.147528088692009,0.026700627653668603
OUT_MEAN,0.18981727401283982,0.039979665592049116,0.17547616906684863,178.92630171775818,0.13468127250671386
OUT_STD,0.0016259973705085298,0.0020622867162574956,0.0013793685200924797,5.147528088692009,0.02671572453351276
