,RMSE_ITE,ABS_ATE,PEHE,TRAIN_TIME,PREDICT_TIME
IN_MEAN,0.17911009979344658,0.03644972296436641,0.041770308172590684,23.365222799777985,0.5822388887405395
IN_STD,0.0004657039644704482,0.0015839993199361553,0.001503885398741324,0.14341227530808834,0.002097696847336936
OUT_MEAN,0.18050959603825661,0.036518268067483636,0.04182605473011107,23.365222799777985,0.180696439743042
OUT_STD,0.0007472513956032459,0.0015949025842050804,0.001519558067041453,0.14341227530808834,0.0023803309107128245
