,RMSE_ITE,ABS_ATE,PEHE,TRAIN_TIME,PREDICT_TIME
IN_MEAN,0.17095050668900194,0.021858896707130204,0.06110406729596455,16.56650242805481,1.02642422914505
IN_STD,0.0004904636545356507,0.0006444748863484351,0.0011374764989259046,0.24717736884871508,0.032440175979925615
OUT_MEAN,0.17081040010533727,0.0217461834502572,0.06098097582419051,16.56650242805481,0.38586747646331787
OUT_STD,0.000578167202848204,0.0006615802139589205,0.0011570703121795947,0.24717736884871508,0.015884786204908626
