,RMSE_ITE,ABS_ATE,PEHE,TRAIN_TIME,PREDICT_TIME
IN_MEAN,0.18279571543753576,0.03631942115430177,0.0684817137941481,15.540035176277161,0.9335679650306702
IN_STD,0.0006903892157878869,0.0007731776098460845,0.002238734157560291,0.18927643320443194,0.015480777183834105
OUT_MEAN,0.1839258867533945,0.03627051890106921,0.06811959140613247,15.540035176277161,0.3492505431175232
OUT_STD,0.0007859881124191796,0.0007711318633028991,0.0021802055168077226,0.18927643320443194,0.006524833321265698
