,RMSE_ITE,ABS_ATE,PEHE,TRAIN_TIME,PREDICT_TIME
IN_MEAN,0.31602646123094785,0.05598551480769713,0.0712140978115165,0.024168672561645507,0.00016740083694458008
IN_STD,0.0008859413283023058,0.0018269777663643938,0.0013444792157510529,0.0008163860152032753,3.6175759011979224e-06
OUT_MEAN,0.316910752959458,0.055946808984417146,0.07122565283103979,0.024168672561645507,0.0006717109680175782
OUT_STD,0.00036286496420957987,0.0018252873194777048,0.0013556616380870955,0.0008163860152032753,1.0473559476433333e-05
