,RMSE_ITE,ABS_ATE,PEHE,TRAIN_TIME,PREDICT_TIME
IN_MEAN,0.3162960830630039,0.05443015151759109,0.06695137534861596,0.12345784425735473,0.0033207297325134276
IN_STD,0.00016114999938171258,0.0003802660847031695,0.00030940606207130916,0.000864071061581859,5.132104677745684e-05
OUT_MEAN,0.31589563482506633,0.05443836908822578,0.06696047641977937,0.12345784425735473,0.000896599292755127
OUT_STD,0.00031715819294301286,0.00038351263708599184,0.00031194627333806037,0.000864071061581859,1.5967929105533345e-05
