,RMSE_ITE,ABS_ATE,PEHE,TRAIN_TIME,PREDICT_TIME
IN_MEAN,0.14958714190438943,0.003927503781766596,0.03128807514175532,17.779438376426697,1.0625295877456664
IN_STD,0.0004452120575638206,0.00039887106396200114,0.001517278493970585,0.640042623754469,0.0471991429860084
OUT_MEAN,0.15133367393820663,0.00391019226978911,0.030982715336233556,17.779438376426697,0.40185720920562745
OUT_STD,0.0008972755799851474,0.00040870095331076357,0.0015771620861758677,0.640042623754469,0.015319327681453733
