,RMSE_ITE,ABS_ATE,PEHE,TRAIN_TIME,PREDICT_TIME
IN_MEAN,0.18857025683938,0.031006257735787662,0.17940133108986864,11.846675157546997,0.4309519290924072
IN_STD,0.0014012551279444427,0.0009071521908607566,0.001219534474663822,0.2961926033934462,0.002965514131483798
OUT_MEAN,0.18834467258123808,0.031175671730054116,0.1805378634646519,11.846675157546997,0.15073075294494628
OUT_STD,0.001667363202870791,0.0014694711774973735,0.0010724957684608153,0.2961926033934462,0.004118726704284031
