,RMSE_ITE,ABS_ATE,PEHE,TRAIN_TIME,PREDICT_TIME
IN_MEAN,0.31604258067664004,0.055713257915071784,0.06852477479584244,0.03792863845825195,0.0003213953971862793
IN_STD,0.0003949900648429392,0.0009108539441205288,0.0007345559243153942,0.0008258870405309989,6.747165757849127e-06
OUT_MEAN,0.3170631673814724,0.05567889943474965,0.06850950224931507,0.03792863845825195,0.0006910514831542969
OUT_STD,0.0003292829481297803,0.0009215660364019438,0.0007428486229141227,0.0008258870405309989,1.1915558501166583e-05
