,RMSE_ITE,ABS_ATE,PEHE,TRAIN_TIME,PREDICT_TIME
IN_MEAN,0.17944120803328553,0.02935915333443197,0.0707379068071474,15.741139471530914,0.9583841443061829
IN_STD,0.0005106685023570234,0.0008117798944017272,0.0015410690927984566,0.3525760275472222,0.019942295510839442
OUT_MEAN,0.17906892388959542,0.029237474068658332,0.07065838558234452,15.741139471530914,0.3734906792640686
OUT_STD,0.0006823085594926438,0.000809178889655666,0.0015089219122070897,0.3525760275472222,0.020212141331932533
