,RMSE_ITE,ABS_ATE,PEHE,TRAIN_TIME,PREDICT_TIME
IN_MEAN,0.3160071161670052,0.05562360553701233,0.06813994640541195,0.05897771835327149,0.0006716370582580567
IN_STD,0.00026237757431494017,0.0006117852140678893,0.0004935580149714221,0.0008951969545116349,1.7861543219422875e-05
OUT_MEAN,0.3160012875929638,0.05565042974599344,0.06817130556695924,0.05897771835327149,0.000708310604095459
OUT_STD,0.0003273398138144087,0.0006181847330865916,0.0004976010896371973,0.0008951969545116349,1.8936176742732757e-05
