,RMSE_ITE,ABS_ATE,PEHE,TRAIN_TIME,PREDICT_TIME
IN_MEAN,0.18282767360359992,0.036467091436265545,0.06570738286859802,16.77240569591522,1.000589096546173
IN_STD,0.000571425041201121,0.0008590575290736037,0.001819654450634024,0.5472957579453759,0.03155356085886109
OUT_MEAN,0.18276130981210603,0.03650563734781549,0.06568214609232295,16.77240569591522,0.3729839205741882
OUT_STD,0.0005634195201794636,0.0008761804921821038,0.0017964765640009995,0.5472957579453759,0.011782743358370195
