,RMSE_ITE,ABS_ATE,PEHE,TRAIN_TIME,PREDICT_TIME
IN_MEAN,0.31697999751272965,0.054126402272876836,0.06782857096065303,0.03171549558639526,0.0002232503890991211
IN_STD,0.0005101928184774524,0.001189037222949553,0.000964495990585492,0.0009456634715732683,5.4867485731111555e-06
OUT_MEAN,0.31631068196097006,0.054116548606849585,0.06781601065063185,0.03171549558639526,0.0007564473152160644
OUT_STD,0.00036599056961381636,0.0011866452667682198,0.000960962583148404,0.0009456634715732683,3.048950114020415e-05
